x,y,name,number
9.5124887085,49.2062567235,wgwgwg,3
9.5126723183,49.2060909806,vsdpowjpw,5
9.5126597098,49.2061072381,fdiuuis,8